created,first_name,last_name,patronymic_name,position,role,photo,email,hashed_password,is_active,is_superuser,is_verified,id
1996-09-20 02:38:48.506545,Amanda,Beck,DDS,Research scientist (medical),EMPLOYEE,media/photo/Amanda.jpg,william47@example.org,587b23136c091de9a8057fd311077a8c3dc6841ff42c3ea8a4ddb311e02f30a5,true,false,true,10
2013-10-16 14:01:24.304723,Eric,Wilson,Jr.,Horticultural consultant,CHIEF,media/photo/Eric.jpg,hansoncatherine@example.org,6d5d268115f1e6c6fe1497e6a30d9adaedbfe8687774efeb20403017c79d5ce6,true,false,true,2
1993-06-22 14:28:54.382131,Heather,Kerr,DVM,Broadcast journalist,CHIEF,media/photo/Heather.jpg,lori62@example.org,cbf1034133126e8f4f37875302293ab9133d3507b320dc439503940d37793507,true,false,true,3
1979-11-21 02:40:26.819428,Ashley,Preston,MD,Ecologist,CHIEF,media/photo/Ashley.jpg,connie58@example.com,aacdcdb7303a4685c687ba863bdd7c1e0b551382a5ec018cab9969fafd5dee36,true,false,true,1
2024-01-20 11:53:17.027872,Sarah,Robles,DDS,Brewing technologist,EMPLOYEE,media/photo/Sarah.jpg,gordongonzalez@example.org,dbe84bc86adae52105d3e5af577e71afcb37f398a1c1d1a2de7d0e8200393d2d,true,false,true,4
1990-09-22 13:10:27.836893,Sarah,Fischer,Jr.,Medical physicist,EMPLOYEE,media/photo/Sarah.jpg,wilcoxmichael@example.com,7050993e184459ee9fc48a849f50d210d9be806c4c631d6117f643d646ad3fed,true,false,true,5
2010-07-29 14:34:00.280710,Michelle,Anderson,DDS,Colour technologist,EMPLOYEE,media/photo/Michelle.jpg,wshannon@example.net,157d7ca97a59987177c4335f362d313376eafa34e332832e99769cc74a6b253d,true,false,true,8
2008-04-18 20:55:25.021074,Mark,Bentley,Jr.,Multimedia specialist,EMPLOYEE,media/photo/Mark.jpg,jamespetty@example.org,1a68c4f5837b87d7d12249e7da5e668e7a2f11e7d651a01bb95b626b733631c5,true,false,true,6
2004-09-24 08:35:46.098439,Eric,Carlson,MD,Clinical molecular geneticist,EMPLOYEE,media/photo/Eric.jpg,ellistammy@example.com,397701ba07400829780d03174f0dd73240e76e6d2588da6f61efc1fdcbfddd3e,true,false,true,7
2016-04-18 11:00:00.346881,Gregory,Williams,DDS,Clinical research associate,EMPLOYEE,media/photo/Gregory.jpg,belllauren@example.net,8ee7b5956ab160b4d106094177bca66e1c1334ad429b3c5324a17ef3a0a23dd7,true,false,true,11
2005-09-01 23:21:03.253275,John,Turner,PhD,Armed forces logistics/support/administrative officer,EMPLOYEE,media/photo/John.jpg,jenniferflores@example.com,733ea17a58c3f9878ef4673da09132e0d64672f142d75dcc1743ff014407d40c,true,false,true,9
2000-07-02 05:35:46.492636,Leah,Jackson,DDS,Medical physicist,EMPLOYEE,media/photo/Leah.jpg,robertsjessica@example.com,667120bbea69c47a2671d23d0ca6b436b6eadb2525472a769bf67d9eb552d2bd,true,false,true,14
1983-08-29 00:38:59.119274,Patricia,Castillo,MD,Recruitment consultant,EMPLOYEE,media/photo/Patricia.jpg,bjones@example.org,fc43a73c4d1e3f46ee2f546915970c3452755fadb407dbe17128ce4dbc26e34a,true,false,true,13
1989-01-03 00:01:53.692659,Amy,Maxwell,MD,Film/video editor,EMPLOYEE,media/photo/Amy.jpg,cesarjohnson@example.net,7e18284f077d46c75271f47eb6ff8117cbe0dc9e075c3b45d32cbd8140c36499,true,false,true,12
1984-04-14 07:12:21.695547,Kevin,Jordan,PhD,Community development worker,EMPLOYEE,media/photo/Kevin.jpg,glenda17@example.net,ccd2926a2c611829fb47edc98f48513749b3e0d843c669f59e290deb23af9bbd,true,false,true,16
1992-08-09 08:14:09.252302,Holly,Patton,MD,Interpreter,EMPLOYEE,media/photo/Holly.jpg,kimberly10@example.com,12b9e3e712209922196a82685add0625e579bd163085a3ec98bf01d1b8519946,true,false,true,17
1978-06-21 07:59:50.482289,Brandon,James,III,Learning mentor,EMPLOYEE,media/photo/Brandon.jpg,bmiller@example.org,19c7f15648c63e805542d40c0b786d5eb2667ef009dd861bfe88855fbae0b229,true,false,true,15
